---
title: SQL å¿«é€Ÿæ‹¾é—
published: 2026-01-25
updated: 2026-01-25
description: 'Learn SQL in Y minutes'
image: ''
tags: [SQL]
category: 'SQL'
draft: false
---

# SQL

## ğŸ›  Quick Start

By the way, I use Arch Linux. ğŸ¤“

```zsh
sudo pacman -Syu
sudo pacman -S mysql
sudo mysqld --initialize --user=mysql --basedir=/usr --datadir=/var/lib/mysql
sudo systemctl start mysqld.service
sudo systemctl status mysqld.service
sudo systemctl enable mysqld.service
```

:::warning
`mysqld` çš„æ—¶å€™è¦ç•™æ„ï¼Œè¾“å‡ºçš„å†…å®¹å«æœ‰ `root` ç”¨æˆ·çš„é»˜è®¤å¯†ç ï¼

åˆ« `clear` æŠŠå¯†ç åƒäº†ï¼Œå°é¦‹çŒ« ğŸ˜‹
:::

:::tip
ä¸æƒ³ç”¨å›¾å½¢ç•Œé¢çš„è¯ï¼Œ`mycli` å¯ä»¥æä¾›è¯­æ³•é«˜äº®å’Œå‘½ä»¤è¡¥å…¨ï¼

::github{repo="dbcli/mycli"}

```zsh
yay -S mycli
```
:::

ç™»å½• `root` è´¦æˆ·ï¼Œä¿®æ”¹å¯†ç ï¼

```zsh
mysql -u root -p [-h localhost -P 3306]
```
```sql
ALTER USER 'root'@'localhost' IDENTIFIED BY 'xxxxxx';
```

> ã€Œä¸å…¶ç™»å½•ä¸€ä¸ª `root`ï¼Œä¸å¦‚åˆ›é€ ä¸€ä¸ª `root` ğŸ˜ã€

```sql
CREATE USER 'nisemono'@'%' IDENTIFIED BY 'yyyyyy';
GRANT ALL PRIVILEGES ON *.* TO 'nisemono'@'%' WITH GRANT OPTION;
EXIT;
```
```zsh
mysql -u nisemono -p [-h localhost -P 3306]
```

## âœ¨ Examples

### å±•ç¤º

å‡è®¾ç°åœ¨æˆ‘çš„æ•°æ®åº“æƒ…å†µæ˜¯ï¼š

```sql
SHOW DATABASES;
USE study_sql;
SHOW TABLES;
SELECT * FROM hello;
```

```text
+--------------------+
| Database           |
+--------------------+
| information_schema |
| mysql              |
| performance_schema |
| study_sql          |
| sys                |
+--------------------+

5 rows in set
Time: 0.002s

You are now connected to database "shy_db" as user "nisemono"
Time: 0.000s

+---------------------+
| Tables_in_study_sql |
+---------------------+
| hello               |
+---------------------+

1 row in set
Time: 0.004s

+----+-----------+------------+-----+--------+
| id | user_name | real_name  | age | gender |
+----+-----------+------------+-----+--------+
| 1  | nisemono  | shy-vector | 20  | å¥³     |
| 2  | ASTERIAX  | asteriax   | 21  | ç”·     |
+----+-----------+------------+-----+--------+

2 rows in set
Time: 0.003s
```

### `database` å’Œ `table`

æˆ‘æƒ³æŠŠ `study_sql` è¿™ä¸ªæ•°æ®åº“åç§°æ”¹æˆ `shy_db`ï¼

```sql
CREATE DATABASE IF NOT EXISTS shy_db;
EXIT;
```

```zsh
mysqldump -u root -p -h localhost -P 3306 --set-gtid-purged=OFF study_sql > /tmp/study_sql_backup.sql
mysql -u root -p -h localhost -P 3306 shy_db < /tmp/study_sql_backup.sql
mysql -u nisemono -p -h localhost -P 3306
```

```sql
DROP DATABASE IF EXISTS study_sql;
SHOW DATABASES;
USE shy_db;
SHOW TABLES;
SELECT * FROM hello;
```

```text
You're about to run a destructive command.
Do you want to proceed? (y/n): y
Your call!
Query OK, 1 row affected
Time: 0.042s

+--------------------+
| Database           |
+--------------------+
| information_schema |
| mysql              |
| performance_schema |
| shy_db             |
| sys                |
+--------------------+

5 rows in set
Time: 0.003s

You are now connected to database "shy_db" as user "nisemono"
Time: 0.000s

+------------------+
| Tables_in_shy_db |
+------------------+
| hello            |
+------------------+

1 row in set
Time: 0.004s

+----+-----------+------------+-----+--------+
| id | user_name | real_name  | age | gender |
+----+-----------+------------+-----+--------+
| 1  | nisemono  | shy-vector | 20  | å¥³     |
| 2  | ASTERIAX  | asteriax   | 21  | ç”·     |
+----+-----------+------------+-----+--------+

2 rows in set
Time: 0.002s
```

ä¸æ­¤åŒæ—¶ï¼Œæˆ‘åˆæƒ³æŠŠè¡¨å `hello` æ”¹æˆ `hello_tb`ï¼

```sql
RENAME TABLE hello TO hello_tb;
SHOW TABLES;
```

```text
Query OK, 0 rows affected
Time: 0.031s

+------------------+
| Tables_in_shy_db |
+------------------+
| hello_tb         |
+------------------+

1 row in set
Time: 0.002s
```

### å­—æ®µ

æ–°å»ºè¡¨ `user_tb`

```sql
CREATE TABLE IF NOT EXISTS user_tb (
    id INT PRIMARY KEY AUTO_INCREMENT COMMENT 'ç¼–å·(ä¸»é”®,å”¯ä¸€,è‡ªå¢)',
    user_name VARCHAR(30) NOT null UNIQUE COMMENT 'ç”¨æˆ·å(éç©º,å”¯ä¸€)',
    create_time DATETIME NOT null DEFAULT CURRENT_TIMESTAMP COMMENT 'åˆ›å»ºæ—¶é—´(éç©º,é»˜è®¤ä¸ºå½“å‰æ—¶é—´æˆ³)',
    update_time DATETIME NOT null DEFAULT CURRENT_TIMESTAMP ON UPDATE CURRENT_TIMESTAMP COMMENT 'æœ€è¿‘ä¿®æ”¹æ—¶é—´',
    real_name VARCHAR(20) NOT null COMMENT 'å§“å(éç©º)',
    real_id CHAR(18) NOT null UNIQUE COMMENT 'èº«ä»½è¯å·(éç©º,18å­—ç¬¦,å”¯ä¸€)',
    age TINYINT UNSIGNED COMMENT 'å¹´é¾„(éè´Ÿ)',
    gender TINYINT UNSIGNED COMMENT 'æ€§åˆ«(0:ç”·,1:å¥³)',
    birthday DATE COMMENT 'ç”Ÿæ—¥'
) COMMENT 'ç”¨æˆ·åˆ—è¡¨';

DESC user_tb;
```

```text
user_tb
+-------------+------------------+------+-----+-------------------+-----------------------------------------------+
| Field       | Type             | Null | Key | Default           | Extra                                         |
+-------------+------------------+------+-----+-------------------+-----------------------------------------------+
| id          | int              | NO   | PRI | <null>            | auto_increment                                |
| user_name   | varchar(30)      | NO   | UNI | <null>            |                                               |
| create_time | datetime         | NO   |     | CURRENT_TIMESTAMP | DEFAULT_GENERATED                             |
| update_time | datetime         | NO   |     | CURRENT_TIMESTAMP | DEFAULT_GENERATED on update CURRENT_TIMESTAMP |
| real_name   | varchar(20)      | NO   |     | <null>            |                                               |
| real_id     | char(18)         | NO   | UNI | <null>            |                                               |
| age         | tinyint unsigned | YES  |     | <null>            |                                               |
| gender      | tinyint unsigned | YES  |     | <null>            |                                               |
| birthday    | date             | YES  |     | <null>            |                                               |
+-------------+------------------+------+-----+-------------------+-----------------------------------------------+

9 rows in set
Time: 0.005s
```

ä¿®æ”¹å­—æ®µ

```sql
ALTER TABLE user_tb
    DROP COLUMN age,
    DROP COLUMN birthday;
    ADD COLUMN deadline DATETIME AFTER update_time,
    ADD COLUMN qq VARCHAR(20) COMMENT 'QQå·ç ',
    ADD COLUMN tt INT,
    CHANGE COLUMN real_id id_card VARCHAR(18) COMMENT 'èº«ä»½è¯å·ç ';

    -- ADD COLUMN ss FLOAT AFTER tt,    -- `tt` not exists before exec.
    -- MODIFY COLUMN deadline ...,      -- `deadline` not exists before exec.
    -- CHANGE COLUMN tt wx ...;         -- `tt` not exists before exec.

ALTER TABLE user_tb
    MODIFY COLUMN deadline
        DATETIME NOT null DEFAULT '1970-01-01 00:00:00' COMMENT 'æˆªæ­¢æ—¥æœŸ',
    MODIFY COLUMN qq
        VARCHAR(13) UNIQUE COMMENT 'QQå·',
    CHANGE COLUMN tt
        wx VARCHAR(25) UNIQUE COMMENT 'WXå·';

DESC user_tb;
```

```text
user_tb
+-------------+------------------+------+-----+---------------------+-----------------------------------------------+
| Field       | Type             | Null | Key | Default             | Extra                                         |
+-------------+------------------+------+-----+---------------------+-----------------------------------------------+
| id          | int              | NO   | PRI | <null>              | auto_increment                                |
| user_name   | varchar(30)      | NO   | UNI | <null>              |                                               |
| create_time | datetime         | NO   |     | CURRENT_TIMESTAMP   | DEFAULT_GENERATED                             |
| update_time | datetime         | NO   |     | CURRENT_TIMESTAMP   | DEFAULT_GENERATED on update CURRENT_TIMESTAMP |
| deadline    | datetime         | NO   |     | 1970-01-01 00:00:00 |                                               |
| real_name   | varchar(20)      | NO   |     | <null>              |                                               |
| id_card     | varchar(18)      | YES  | UNI | <null>              |                                               |
| gender      | tinyint unsigned | YES  |     | <null>              |                                               |
| qq          | varchar(13)      | YES  | UNI | <null>              |                                               |
| wx          | varchar(25)      | YES  | UNI | <null>              |                                               |
+-------------+------------------+------+-----+---------------------+-----------------------------------------------+

10 rows in set
Time: 0.004s
```

### å¢åˆ æ”¹å¹¶

æ·»åŠ åˆå§‹æ•°æ®

```sql
INSERT INTO user_tb
    (user_name, real_name, id_card, gender, wx)
VALUES
    ('nisemono', 'å¼ ä¸‰', '123456789123456789', 0, 'wx_qwerty'),
    ('shy-vector', 'æå››', '987654321987654321', 1, 'shy_vector');

SELECT * FROM user_tb;
```

```text
user_tb
+----+------------+---------------------+---------------------+---------------------+-----------+--------------------+--------+--------+------------+
| id | user_name  | create_time         | update_time         | deadline            | real_name | id_card            | gender | qq     | wx         |
+----+------------+---------------------+---------------------+---------------------+-----------+--------------------+--------+--------+------------+
| 1  | nisemono   | 2026-01-25 20:06:34 | 2026-01-25 20:06:34 | 1970-01-01 00:00:00 | å¼ ä¸‰      | 123456789123456789 | 0      | <null> | wx_qwerty  |
| 2  | shy-vector | 2026-01-25 20:06:34 | 2026-01-25 20:06:34 | 1970-01-01 00:00:00 | æå››      | 987654321987654321 | 1      | <null> | shy_vector |
+----+------------+---------------------+---------------------+---------------------+-----------+--------------------+--------+--------+------------+
```

åˆ›å»ºå¦ä¸€å¼ è¡¨

```sql
CREATE TABLE IF NOT EXISTS user2_tb AS SELECT * FROM user_tb;
SELECT * FROM user2_tb;

UPDATE user2_tb
SET
    user_name = 'ice',
    create_time = NOW(),
    update_time = NOW(),
    deadline = NOW() + INTERVAL 2 MONTH,
    real_name = 'ç‹äº”',
    id_card = '1234xxxxx1234xxxxx',
    qq = '0D000721',
    wx = null
WHERE id % 2 = 1;

UPDATE user2_tb
SET
    user_name = 'aha',
    create_time = NOW(),
    update_time = NOW(),
    deadline = NOW() + INTERVAL 2 MONTH,
    real_name = 'èµµå…­',
    id_card = '5678xxxxx5678xxxxx',
    qq = '1145141919',
    wx = null
WHERE id % 2 = 0;

SELECT * FROM user2_tb;
```

```text
user2_tb
+----+-----------+---------------------+---------------------+---------------------+-----------+--------------------+--------+------------+--------+
| id | user_name | create_time         | update_time         | deadline            | real_name | id_card            | gender | qq         | wx     |
+----+-----------+---------------------+---------------------+---------------------+-----------+--------------------+--------+------------+--------+
| 1  | ice       | 2026-01-25 20:39:45 | 2026-01-25 20:39:45 | 2026-03-25 20:39:45 | ç‹äº”      | 1234xxxxx1234xxxxx | 0      | 0D000721   | <null> |
| 2  | aha       | 2026-01-25 20:42:10 | 2026-01-25 20:42:10 | 2026-03-25 20:42:10 | èµµå…­      | 5678xxxxx5678xxxxx | 1      | 1145141919 | <null> |
+----+-----------+---------------------+---------------------+---------------------+-----------+--------------------+--------+------------+--------+
```

:::warning
è¿™é‡Œç›´æ¥ä½¿ç”¨äº† `CREATE TABLE tb1 AS SELECT * FROM tb2` åï¼Œå­—æ®µç±»å‹ä¿ç•™ï¼Œä½†**çº¦æŸä¸¢å¤±**ï¼
åº”è¯¥ä½¿ç”¨ `CREATE TABLE tb1(...) AS SELECT * FROM tb2`ï¼Œæ‰‹åŠ¨ç¡®å®šçº¦æŸï¼
ç»æµ‹è¯•ï¼Œä» `FLOAT(3,2)` åˆ° `DOUBLE` çš„ç²¾åº¦æŸå¤±æƒ…å†µï¼š

```text
9.99 -> 9.989999771118164
1.23 -> 1.2300000190734863
1.0  -> 1.0
1.78 -> 1.7799999713897705
```
:::

**çºµå‘åˆå¹¶**ä¸¤è¡¨ï¼Œç›¸å½“äºæ‰¹é‡æ’å…¥

```sql
INSERT IGNORE INTO user_tb
    (user_name, create_time, update_time, deadline, real_name, id_card, gender, qq, wx)
SELECT
    user_name, create_time, update_time, deadline, real_name, id_card, gender, qq, wx
FROM user2_tb;

SELECT * FROM user_tb;
```

```text
user_tb
+----+------------+---------------------+---------------------+---------------------+-----------+--------------------+--------+------------+------------+
| id | user_name  | create_time         | update_time         | deadline            | real_name | id_card            | gender | qq         | wx         |
+----+------------+---------------------+---------------------+---------------------+-----------+--------------------+--------+------------+------------+
| 1  | nisemono   | 2026-01-25 20:06:34 | 2026-01-25 20:06:34 | 1970-01-01 00:00:00 | å¼ ä¸‰      | 123456789123456789 | 0      | <null>     | wx_qwerty  |
| 2  | shy-vector | 2026-01-25 20:06:34 | 2026-01-25 20:06:34 | 1970-01-01 00:00:00 | æå››      | 987654321987654321 | 1      | <null>     | shy_vector |
| 3  | ice        | 2026-01-25 20:39:45 | 2026-01-25 20:39:45 | 2026-03-25 20:39:45 | ç‹äº”      | 1234xxxxx1234xxxxx | 0      | 0D000721   | <null>     |
| 4  | aha        | 2026-01-25 20:42:10 | 2026-01-25 20:42:10 | 2026-03-25 20:42:10 | èµµå…­      | 5678xxxxx5678xxxxx | 1      | 1145141919 | <null>     |
+----+------------+---------------------+---------------------+---------------------+-----------+--------------------+--------+------------+------------+
```

å°æ’æ›²ï¼šç”±äº `qq` å’Œ `wx` æœ‰ `UNIQUE` çº¦æŸï¼Œä¸‹é¢çš„æ›´æ–°å¤±è´¥

```sql
UPDATE user_tb
SET wx = 'AAAAAAAAA', qq = 'BBBBBB'
WHERE id > 1;
```

```text
(1062, "Duplicate entry 'BBBBBB' for key 'user_tb.qq'")
```

:::warning
1. å¦‚æœæ‰§è¡Œ `INSERT` ä½†æœ€ç»ˆå›æ»šï¼ˆæ¯”å¦‚ä¸»é”®å†²çªã€å”¯ä¸€é”®å†²çªï¼‰ï¼Œè®¡æ•°å™¨ `AUTO_INCREMENT` ä»ä¼šè‡ªå¢ï¼Œå¯¼è‡´ `user_tb` åé¢çš„ `id` è·³å·ï¼
2. æ‰§è¡Œ `DELETE` ä¸ä¼šä½¿è®¡æ•°å™¨æ¸…é›¶ï¼
3. é™¤æ­¤ä¹‹å¤–ä¹Ÿæœ‰å¾ˆå¤šéšæ€§æ¶ˆè€—å¯¼è‡´è·³å·ï¼Œæ¯”å¦‚æ‰¹é‡æ’å…¥çš„è‡ªå¢ ID é¢„åˆ†é…ï¼

è‡ªå¢ ID çš„è®¾è®¡ç›®æ ‡æ˜¯ä¿è¯**å”¯ä¸€æ€§**ï¼Œè€Œéè¿ç»­æ€§ï¼Œæ‰€ä»¥æ— æ³•å®Œå…¨é¿å…è·³å·ï¼
:::

:::tip[`INSERT`-like è¯­å¥]
1. **simple insert**: å¦‚ `INSERT INTO tb () VALUES ()`ï¼Œå¯é¢„å…ˆç¡®å®šæ’å…¥è¡Œæ•°ï¼
2. **bulk insert**: å¦‚ `INSERT INTO tb SELECT ... FROM ...`ã€`LOAD data`ï¼Œæ’å…¥è¡Œæ•°ï¼ˆéœ€è¦ç”³è¯·çš„è‡ªå¢å€¼æ•°ç›®ï¼‰ä¸å¯é¢„æœŸï¼
3. **mixed-mode insert**: å¦‚ `INSERT INTO tb (id,name) VALUES (1,'a'), (NULL,'b'), (5,'c'), (NULL,'d');` è‡ªå¢å€¼è¢«æŒ‡å®šï¼
:::

:::tip[`innodb_autoinc_lock_mode`]
`innodb_autoinc_lock_mode` æ˜¯ MySQL InnoDB å­˜å‚¨å¼•æ“çš„ä¸€ä¸ªç³»ç»Ÿå˜é‡ï¼Œå®ƒæ§åˆ¶ç€è‡ªå¢ï¼ˆ`AUTO_INCREMENT`ï¼‰å€¼çš„é”å®šæœºåˆ¶ï¼è¿™ä¸ªè®¾ç½®å¯¹äºé«˜å¹¶å‘çš„æ•°æ®åº“æ“ä½œï¼Œç‰¹åˆ«æ˜¯æ’å…¥ï¼ˆ`INSERT`ï¼‰æ“ä½œï¼Œæœ‰ç€æ˜¾è‘—çš„æ€§èƒ½å½±å“ï¼

1. `0`ï¼Œä¼ ç»Ÿé”æ¨¡å¼ï¼æ•´ä¸ªè¡¨ `auto_inc` çš„é”åœ¨åŒä¸€æ—¶åˆ»åªä¼šè¢«ä¸€ä¸ª `INSERT`-like è¯­å¥æŒæœ‰ï¼Œç›´è‡³è¯­å¥ç»“æŸï¼ä¿è¯è‡ªå¢å€¼è¿ç»­ï¼
2. `1`ï¼Œè¿ç»­é”æ¨¡å¼ï¼å¯¹äº simple insertï¼ŒæŒæœ‰ç›¸åº”æ•°é‡çš„è‡ªå¢å€¼äº’æ–¥é”æ¥é¿å…ä½¿ç”¨è¡¨é”ï¼Œè¿™ä¸ªé”ä»…åœ¨åˆ†é…è¿‡ç¨‹ä¸­æŒæœ‰ï¼Œä¸ä¼šæŒç»­åˆ°è¯­å¥ç»“æŸï¼Œå¯ä»¥ä¿è¯è‡ªå¢å€¼çš„è¿ç»­ï¼å¯¹äº bulk insert ä»ç„¶ä½¿ç”¨è¡¨é”ï¼ˆæºè¡¨ä½¿ç”¨å…±äº«é”ï¼Œç›®æ ‡è¡¨ä½¿ç”¨è‡ªå¢é”ï¼‰ï¼mixed-mode insert ä¼šåˆ†é…æ•°é‡å¤šäºæ‰€éœ€çš„è‡ªå¢é”ï¼Œè‡ªåŠ¨åˆ†é…ï¼Œè¿‡é‡èˆå¼ƒï¼
3. `2`ï¼Œäº¤å‰é”æ¨¡å¼ï¼ˆMySQL 8.0+ é»˜è®¤ï¼‰ï¼ä¸ä¼šä½¿ç”¨è¡¨é”ï¼Œå¹¶å‘æ€§è‰¯å¥½ï¼**å•ä¸ª simple insert è¯­å¥ç”Ÿæˆçš„è‡ªå¢å€¼è¿ç»­ï¼Œbulk insert åˆ™æ— æ³•ä¿è¯ï¼**
:::

é‡æ–°è°ƒæ•´è¡¨æ ¼å­—æ®µ

```sql
ALTER TABLE user_tb
    DROP COLUMN update_time,
    DROP COLUMN deadline,
    DROP COLUMN id_card;

ALTER TABLE user2_tb
    -- è¡¥ä¸Šçº¦æŸ
    MODIFY COLUMN id INT PRIMARY KEY AUTO_INCREMENT,
    MODIFY COLUMN user_name VARCHAR(30) NOT null UNIQUE;
    DROP COLUMN create_time,
    DROP COLUMN update_time,
    DROP COLUMN deadline,
    DROP COLUMN real_name,
    DROP COLUMN id_card,
    DROP COLUMN gender,
    DROP COLUMN qq,
    DROP COLUMN wx,
    ADD COLUMN height DECIMAL(5,2),
    ADD COLUMN weight DOUBLE(6,3),
    ADD COLUMN rating FLOAT(3,2),

DESC user_tb;
DESC user2_tb; 
```

```text
user_tb
+-------------+------------------+------+-----+-------------------+-------------------+
| Field       | Type             | Null | Key | Default           | Extra             |
+-------------+------------------+------+-----+-------------------+-------------------+
| id          | int              | NO   | PRI | <null>            | auto_increment    |
| user_name   | varchar(30)      | NO   | UNI | <null>            |                   |
| create_time | datetime         | NO   |     | CURRENT_TIMESTAMP | DEFAULT_GENERATED |
| real_name   | varchar(20)      | NO   |     | <null>            |                   |
| gender      | tinyint unsigned | YES  |     | <null>            |                   |
| qq          | varchar(13)      | YES  | UNI | <null>            |                   |
| wx          | varchar(25)      | YES  | UNI | <null>            |                   |
+-------------+------------------+------+-----+-------------------+-------------------+

user2_tb
+-----------+--------------+------+-----+---------+----------------+
| Field     | Type         | Null | Key | Default | Extra          |
+-----------+--------------+------+-----+---------+----------------+
| id        | int          | NO   | PRI | <null>  | auto_increment |
| user_name | varchar(30)  | NO   | UNI | <null>  |                |
| height    | decimal(5,2) | YES  |     | <null>  |                |
| weight    | double(6,3)  | YES  |     | <null>  |                |
| rating    | float(3,2)   | YES  |     | <null>  |                |
+-----------+--------------+------+-----+---------+----------------+
```

:::warning
```text
+---------+------+------------------------------------------------------------------------------------------------------------------+
| Level   | Code | Message                                                                                                          |
+---------+------+------------------------------------------------------------------------------------------------------------------+
| Warning | 1681 | Specifying number of digits for floating point data types is deprecated and will be removed in a future release. |
| Warning | 1681 | Specifying number of digits for floating point data types is deprecated and will be removed in a future release. |
+---------+------+------------------------------------------------------------------------------------------------------------------+

```
:::

```sql
INSERT INTO user_tb
    (user_name, real_name, gender, qq, wx)
VALUES
    ('tourist', 'å­™ä¸ƒ', 0, '810114514', 'wx_TOURIST');


INSERT INTO user2_tb
    (user_name, height, weight, rating)
VALUES
    ('nisemono', 1.77, 60, 1.00),
    ('Not Found', 1.63, 53, 0.83),
    ('ice', 1.75, 62, 1.23),
    ('tourist', 1.80, 68.2, 1.78);

SELECT * FROM user_tb;
SELECT * FROM user2_tb;
```

```text
user_tb
+----+------------+---------------------+-----------+--------+------------+------------+
| id | user_name  | create_time         | real_name | gender | qq         | wx         |
+----+------------+---------------------+-----------+--------+------------+------------+
| 1  | nisemono   | 2026-01-25 20:06:34 | å¼ ä¸‰      | 0      | <null>     | wx_qwerty  |
| 2  | shy-vector | 2026-01-25 20:06:34 | æå››      | 1      | <null>     | shy_vector |
| 3  | ice        | 2026-01-25 20:39:45 | ç‹äº”      | 0      | 0D000721   | <null>     |
| 4  | aha        | 2026-01-25 20:42:10 | èµµå…­      | 1      | 1145141919 | <null>     |
| 6  | tourist    | 2026-01-25 21:56:24 | å­™ä¸ƒ      | 0      | 810114514  | wx_TOURIST |
+----+------------+---------------------+-----------+--------+------------+------------+
  â¬† è·³å·ï¼ˆå‰é¢ INSERT å¤±è´¥å›æ»šè¿‡ä¸€æ¬¡ï¼‰

user2_tb
+----+-----------+--------+--------+--------+
| id | user_name | height | weight | rating |
+----+-----------+--------+--------+--------+
| 1  | nisemono  | 1.77   | 60.0   | 1.0    |
| 2  | Not Found | 1.63   | 53.0   | 0.83   |
| 3  | ice       | 1.75   | 62.0   | 1.23   |
| 4  | tourist   | 1.80   | 68.2   | 1.78   |
+----+-----------+--------+--------+--------+
```

æˆ‘æƒ³è®©è¿™ä¸¤å¼ è¡¨**æ¨ªå‘åˆå¹¶**è‡³æ–°çš„è¡¨ï¼å…ˆåˆ›å»ºæ–°è¡¨ï¼

```sql
CREATE TABLE user3_tb (
    id INT PRIMARY KEY AUTO_INCREMENT,
    user_name VARCHAR(30) NOT null UNIQUE,
    real_name VARCHAR(20) NOT null,
    gender TINYINT UNSIGNED,
    height DECIMAL(5,2),
    weight DOUBLE(6,3),
    rating FLOAT(3,2),
    qq VARCHAR(13) UNIQUE,
    wx VARCHAR(25) UNIQUE,
    create_time DATETIME NOT null DEFAULT CURRENT_TIMESTAMP
);

DESC user3_tb;
```

```text
user3_tb
+-------------+------------------+------+-----+-------------------+-------------------+
| Field       | Type             | Null | Key | Default           | Extra             |
+-------------+------------------+------+-----+-------------------+-------------------+
| id          | int              | NO   | PRI | <null>            | auto_increment    |
| user_name   | varchar(30)      | NO   | UNI | <null>            |                   |
| real_name   | varchar(20)      | NO   |     | <null>            |                   |
| gender      | tinyint unsigned | YES  |     | <null>            |                   |
| height      | decimal(5,2)     | YES  |     | <null>            |                   |
| weight      | double(6,3)      | YES  |     | <null>            |                   |
| rating      | float(3,2)       | YES  |     | <null>            |                   |
| qq          | varchar(13)      | YES  | UNI | <null>            |                   |
| wx          | varchar(25)      | YES  | UNI | <null>            |                   |
| create_time | datetime         | NO   |     | CURRENT_TIMESTAMP | DEFAULT_GENERATED |
+-------------+------------------+------+-----+-------------------+-------------------+
```

:::tip[`JOIN`]
1. `INNER JOIN` åˆå¹¶æ—¶ï¼Œä¸¤å¼ è¡¨çš„å¤±åŒ¹é¡¹éƒ½å°†è¢«èˆå¼ƒï¼
2. `LEFT JOIN` åˆå¹¶æ—¶ï¼Œå·¦è¡¨å®Œå…¨ä¿ç•™ï¼Œå¤±åŒ¹é¡¹æ¥è‡ªå³è¡¨çš„å­—æ®µå°†è¢«è®¾ä¸ºé»˜è®¤å€¼ï¼›å³è¡¨çš„å¤±åŒ¹é¡¹å°†è¢«èˆå¼ƒï¼
3. `RIGHT JOIN` åˆå¹¶æ—¶ï¼Œå³è¡¨å®Œå…¨ä¿ç•™ï¼Œå¤±åŒ¹é¡¹æ¥è‡ªå·¦è¡¨çš„å­—æ®µå°†è¢«è®¾ä¸ºé»˜è®¤å€¼ï¼›å·¦è¡¨çš„å¤±åŒ¹é¡¹å°†è¢«èˆå¼ƒï¼
:::

å†…åˆå¹¶ï¼š

```sql
INSERT INTO user3_tb
    (user_name, create_time, real_name, gender, qq, wx,
     height, weight, rating)
SELECT
    u.user_name, u.create_time, u.real_name, u.gender, u.qq, u.wx,
    v.height, v.weight, v.rating
FROM user_tb u
INNER JOIN user2_tb v
ON u.user_name = v.user_name;

SELECT * FROM user3_tb;
```

```text
æ³¨ï¼šè¿™é‡Œæ¼äº†ä¸€æ®µæ“ä½œï¼
user2_tb çš„ `Not Found` åŸæœ¬æ˜¯åˆ«çš„å€¼ï¼Œ
åˆå¹¶åçš„ user3_tb åŸæœ¬æœ‰ 4 ä¸ªé¡¹ï¼Œ
åé¢æ”¹è¿‡æ¥çš„æ—¶å€™éœ€è¦ DELETE æ•´ä¸ª user3_tbï¼Œ
è®¡æ•°å™¨ä¸å½’é›¶ï¼Œä½†æœ¬åº”ä» 5 å¼€å§‹ï¼Œè€Œä¸‹é¢ä» 8 å¼€å§‹ï¼

user3_tb (INNER JOIN)
+----+-----------+-----------+--------+--------+--------+--------+-----------+------------+---------------------+
| id | user_name | real_name | gender | height | weight | rating | qq        | wx         | create_time         |
+----+-----------+-----------+--------+--------+--------+--------+-----------+------------+---------------------+
| 8  | nisemono  | å¼ ä¸‰      | 0      | 1.77   | 60.0   | 1.0    | <null>    | wx_qwerty  | 2026-01-25 20:06:34 |
| 9  | ice       | ç‹äº”      | 0      | 1.75   | 62.0   | 1.23   | 0D000721  | <null>     | 2026-01-25 20:39:45 |
| 10 | tourist   | å­™ä¸ƒ      | 0      | 1.80   | 68.2   | 1.78   | 810114514 | wx_TOURIST | 2026-01-25 21:56:24 |
+----+-----------+-----------+--------+--------+--------+--------+-----------+------------+---------------------+
  â¬†ï¼ˆè·³å·ï¼Œbulk insert ä¸ä¿è¯è¿ç»­ï¼‰
```

å·¦åˆå¹¶ï¼š

```sql
DELETE FROM user3_tb;

INSERT INTO user3_tb
    (user_name, create_time, real_name, gender, qq, wx,
     height, weight, rating)
SELECT
    u.user_name, u.create_time, u.real_name, u.gender, u.qq, u.wx,
    v.height, v.weight, v.rating
FROM user_tb u
LEFT JOIN user2_tb v
ON u.user_name = v.user_name;

SELECT * FROM user3_tb;
```

```txt
user3_tb (LEFT JOIN)
+----+------------+-----------+--------+--------+--------+--------+------------+------------+---------------------+
| id | user_name  | real_name | gender | height | weight | rating | qq         | wx         | create_time         |
+----+------------+-----------+--------+--------+--------+--------+------------+------------+---------------------+
| 11 | nisemono   | å¼ ä¸‰      | 0      | 1.77   | 60.0   | 1.0    | <null>     | wx_qwerty  | 2026-01-25 20:06:34 |
| 12 | shy-vector | æå››      | 1      | <null> | <null> | <null> | <null>     | shy_vector | 2026-01-25 20:06:34 |
| 13 | ice        | ç‹äº”      | 0      | 1.75   | 62.0   | 1.23   | 0D000721   | <null>     | 2026-01-25 20:39:45 |
| 14 | aha        | èµµå…­      | 1      | <null> | <null> | <null> | 1145141919 | <null>     | 2026-01-25 20:42:10 |
| 15 | tourist    | å­™ä¸ƒ      | 0      | 1.80   | 68.2   | 1.78   | 810114514  | wx_TOURIST | 2026-01-25 21:56:24 |
+----+------------+-----------+--------+--------+--------+--------+------------+------------+---------------------+
```

å¸¦é»˜è®¤å€¼çš„å·¦åˆå¹¶ï¼š

```sql
DELETE FROM user3_tb;

INSERT INTO user3_tb
    (user_name, create_time, real_name, gender, qq, wx,
     height, weight, rating)
SELECT
    u.user_name, u.create_time, u.real_name, u.gender, u.qq, u.wx,
    COALESCE(v.height, 9.99), COALESCE(v.weight, 999.9), COALESCE(v.rating, 9.99)
FROM user_tb u
LEFT JOIN user2_tb v
ON u.user_name = v.user_name;

SELECT * FROM user3_tb;
```

```text
user3_tb
+----+------------+-----------+--------+--------+--------+--------+------------+------------+---------------------+
| id | user_name  | real_name | gender | height | weight | rating | qq         | wx         | create_time         |
+----+------------+-----------+--------+--------+--------+--------+------------+------------+---------------------+
| 18 | nisemono   | å¼ ä¸‰      | 0      | 1.77   |  60.0  | 1.0    | <null>     | wx_qwerty  | 2026-01-25 20:06:34 |
| 19 | shy-vector | æå››      | 1      | 9.99   | 999.9  | 9.99   | <null>     | shy_vector | 2026-01-25 20:06:34 |
| 20 | ice        | ç‹äº”      | 0      | 1.75   |  62.0  | 1.23   | 0D000721   | <null>     | 2026-01-25 20:39:45 |
| 21 | aha        | èµµå…­      | 1      | 9.99   | 999.9  | 9.99   | 1145141919 | <null>     | 2026-01-25 20:42:10 |
| 22 | tourist    | å­™ä¸ƒ      | 0      | 1.80   |  68.2  | 1.78   | 810114514  | wx_TOURIST | 2026-01-25 21:56:24 |
+----+------------+-----------+--------+--------+--------+--------+------------+------------+---------------------+
```

**ç§»åŠ¨åˆ—**è‡³å¼€å¤´ã€æŸåˆ—çš„åé¢ï¼Œè°ƒæ•´å­—æ®µï¼š

```sql
DESC user_tb;

ALTER TABLE user_tb
    MODIFY COLUMN create_time DATETIME NOT null DEFAULT CURRENT_TIMESTAMP FIRST,
    MODIFY COLUMN user_name VARCHAR(30) NOT null UNIQUE AFTER real_name;

DESC user_tb;
SELECT * FROM user_tb;

ALTER TABLE user_tb
    DROP COLUMN id,
    DROP COLUMN real_name,
    DROP COLUMN qq,
    DROP COLUMN wx;
    ADD COLUMN height DECIMAL(5,2),
    ADD COLUMN weight DOUBLE(6,3),
    ADD COLUMN rating FLOAT(3,2);

DESC user_tb;
```

```text
user_tb
+-------------+------------------+------+-----+-------------------+-------------------+
| Field       | Type             | Null | Key | Default           | Extra             |
+-------------+------------------+------+-----+-------------------+-------------------+
| id          | int              | NO   | PRI | <null>            | auto_increment    |
| user_name   | varchar(30)      | NO   | UNI | <null>            |                   |
| create_time | datetime         | NO   |     | CURRENT_TIMESTAMP | DEFAULT_GENERATED |
| real_name   | varchar(20)      | NO   |     | <null>            |                   |
| gender      | tinyint unsigned | YES  |     | <null>            |                   |
| qq          | varchar(13)      | YES  | UNI | <null>            |                   |
| wx          | varchar(25)      | YES  | UNI | <null>            |                   |
+-------------+------------------+------+-----+-------------------+-------------------+

user_tb
+-------------+------------------+------+-----+-------------------+-------------------+
| Field       | Type             | Null | Key | Default           | Extra             |
+-------------+------------------+------+-----+-------------------+-------------------+
| create_time | datetime         | NO   |     | CURRENT_TIMESTAMP | DEFAULT_GENERATED |
| id          | int              | NO   | PRI | <null>            | auto_increment    |
| real_name   | varchar(20)      | NO   |     | <null>            |                   |
| user_name   | varchar(30)      | NO   | UNI | <null>            |                   |
| gender      | tinyint unsigned | YES  |     | <null>            |                   |
| qq          | varchar(13)      | YES  | UNI | <null>            |                   |
| wx          | varchar(25)      | YES  | UNI | <null>            |                   |
+-------------+------------------+------+-----+-------------------+-------------------+

user_tb
+---------------------+----+-----------+------------+--------+------------+------------+
| create_time         | id | real_name | user_name  | gender | qq         | wx         |
+---------------------+----+-----------+------------+--------+------------+------------+
| 2026-01-25 20:06:34 | 1  | å¼ ä¸‰      | nisemono   | 0      | <null>     | wx_qwerty  |
| 2026-01-25 20:06:34 | 2  | æå››      | shy-vector | 1      | <null>     | shy_vector |
| 2026-01-25 20:39:45 | 3  | ç‹äº”      | ice        | 0      | 0D000721   | <null>     |
| 2026-01-25 20:42:10 | 4  | èµµå…­      | aha        | 1      | 1145141919 | <null>     |
| 2026-01-25 21:56:24 | 6  | å­™ä¸ƒ      | tourist    | 0      | 810114514  | wx_TOURIST |
+---------------------+----+-----------+------------+--------+------------+------------+

user_tb
+-------------+------------------+------+-----+-------------------+-------------------+
| Field       | Type             | Null | Key | Default           | Extra             |
+-------------+------------------+------+-----+-------------------+-------------------+
| create_time | datetime         | NO   |     | CURRENT_TIMESTAMP | DEFAULT_GENERATED |
| user_name   | varchar(30)      | NO   | PRI | <null>            |                   |
| gender      | tinyint unsigned | YES  |     | <null>            |                   |
| height      | decimal(5,2)     | YES  |     | <null>            |                   |
| weight      | double(6,3)      | YES  |     | <null>            |                   |
| rating      | float(3,2)       | YES  |     | <null>            |                   |
+-------------+------------------+------+-----+-------------------+-------------------+
```

**å°±åœ°åˆå¹¶**

```sql
UPDATE user_tb u
JOIN user2_tb v ON u.user_name = v.user_name
SET u.height = v.height, u.weight = v.weight, u.rating = v.rating;

SELECT * FROM user_tb;

UPDATE user_tb
SET
    height = IFNULL(height, 9.99),
    weight = IFNULL(weight, 999.9),
    rating = IFNULL(rating, 9.99)
WHERE height IS null OR weight IS null OR rating IS null;

SELECT * FROM user_tb;
```

```text
user_tb
+---------------------+------------+--------+--------+--------+--------+
| create_time         | user_name  | gender | height | weight | rating |
+---------------------+------------+--------+--------+--------+--------+
| 2026-01-25 20:42:10 | aha        | 1      | <null> | <null> | <null> |
| 2026-01-25 20:39:45 | ice        | 0      | 1.75   | 62.0   | 1.23   |
| 2026-01-25 20:06:34 | nisemono   | 0      | 1.77   | 60.0   | 1.0    |
| 2026-01-25 20:06:34 | shy-vector | 1      | <null> | <null> | <null> |
| 2026-01-25 21:56:24 | tourist    | 0      | 1.80   | 68.2   | 1.78   |
+---------------------+------------+--------+--------+--------+--------+

user_tb
+---------------------+------------+--------+--------+--------+--------+
| create_time         | user_name  | gender | height | weight | rating |
+---------------------+------------+--------+--------+--------+--------+
| 2026-01-25 20:42:10 | aha        | 1      | 9.99   | 999.9  | 9.99   |
| 2026-01-25 20:39:45 | ice        | 0      | 1.75   |  62.0  | 1.23   |
| 2026-01-25 20:06:34 | nisemono   | 0      | 1.77   |  60.0  | 1.0    |
| 2026-01-25 20:06:34 | shy-vector | 1      | 9.99   | 999.9  | 9.99   |
| 2026-01-25 21:56:24 | tourist    | 0      | 1.80   |  68.2  | 1.78   |
+---------------------+------------+--------+--------+--------+--------+
```
